{"0": -100.0, "1": -100.0, "2": 99.79372024536133, "3": 99.97432231903076}