{"0": 99.61384534835815, "1": 99.99656677246094, "2": 99.99997615814209, "3": 98.75149726867676}