{"0": -99.99999999999999, "1": -100.0, "2": 99.12600517272949, "3": 99.89900588989258}