{"0": -99.99999999999999, "1": -100.0, "2": 92.06819534301758, "3": 99.97255802154541}