{"0": -100.0, "1": -100.0, "2": 98.61260652542114, "3": 99.92690086364746}