{"0": -100.0, "1": -100.0, "2": 77.18287706375122, "3": 99.94193315505981}