{"0": -100.0, "1": -100.0, "2": 98.83874654769897, "3": 99.78439807891846}