{"0": -100.0, "1": -100.0, "2": 99.83282089233398, "3": 99.95509386062622}