{"0": -100.0, "1": -100.0, "2": 99.61037635803223, "3": -38.41121792793274}