{"0": -100.0, "1": -100.0, "2": 98.98796081542969, "3": -65.76656103134155}