{"0": -100.0, "1": -100.0, "2": 99.87250566482544, "3": 99.96988773345947}