{"0": -100.0, "1": -100.0, "2": 99.22815561294556, "3": 99.9210000038147}