{"0": -99.99999999999999, "1": -100.0, "2": 99.81042146682739, "3": -6.407594680786133}