{"0": -100.0, "1": -100.0, "2": 99.8716950416565, "3": 99.94035959243774}