{"0": -100.0, "1": -100.0, "2": 99.82155561447144, "3": 99.95454549789429}