{"0": -100.0, "1": -100.0, "2": 99.86467361450195, "3": 99.95583295822144}