{"0": -100.0, "1": -100.0, "2": 99.69662427902222, "3": 99.9802827835083}