{"0": -100.0, "1": -100.0, "2": 99.21481609344482, "3": 99.9595046043396}