{"0": -100.0, "1": -100.0, "2": 99.70277547836304, "3": 99.91389513015747}