{"0": -100.0, "1": -100.0, "2": 99.66344833374023, "3": 99.94391202926636}