{"0": -100.0, "1": -100.0, "2": 99.69189167022705, "3": 99.96976852416992}