{"0": -100.0, "1": -100.0, "2": 99.52386617660522, "3": 99.95380640029907}