{"0": -99.99999999999999, "1": -100.0, "2": 99.74162578582764, "3": 99.9477744102478}