{"0": -100.0, "1": -100.0, "2": 99.61647987365723, "3": 99.9576210975647}