{"0": -100.0, "1": -100.0, "2": 99.82786178588867, "3": 99.95964765548706}