{"0": -100.0, "1": -100.0, "2": 99.47360754013062, "3": 99.98393058776855}