{"0": -100.0, "1": -100.0, "2": 99.395751953125, "3": 99.95805025100708}