{"0": -100.0, "1": -100.0, "2": 99.80740547180176, "3": 99.92825984954834}