{"0": -100.0, "1": -100.0, "2": 99.6137022972107, "3": 99.95831251144409}