{"0": -100.0, "1": -100.0, "2": 99.72878694534302, "3": 99.97198581695557}