{"0": -99.99999999999999, "1": -100.0, "2": 89.59459066390991, "3": 99.9470591545105}