{"0": -100.0, "1": -100.0, "2": 99.9160647392273, "3": 99.97036457061768}