{"0": -100.0, "1": -100.0, "2": 99.6762752532959, "3": 99.94391202926636}