{"0": -100.0, "1": -100.0, "2": 98.9802598953247, "3": 99.92756843566895}