{"0": -100.0, "1": -100.0, "2": 99.75804090499878, "3": 99.9179482460022}