{"0": -100.0, "1": -100.0, "2": 97.31055498123169, "3": 99.92446899414062}