{"0": -99.99999999999999, "1": -100.0, "2": 99.64326620101929, "3": 99.95530843734741}