{"0": -100.0, "1": -100.0, "2": 99.77802038192749, "3": 99.96793270111084}