{"0": -100.0, "1": -100.0, "2": 99.27901029586792, "3": 99.94202852249146}