{"0": -100.0, "1": -100.0, "2": 98.8064169883728, "3": 99.551260471344}