{"0": -100.0, "1": -100.0, "2": 97.93976545333862, "3": 99.88926649093628}