{"0": -100.0, "1": -100.0, "2": 99.91191625595093, "3": 99.98171329498291}