{"0": -100.0, "1": -100.0, "2": 99.89705085754395, "3": 99.96564388275146}