{"0": -100.0, "1": -100.0, "2": 99.09677505493164, "3": 99.95943307876587}