{"0": -100.0, "1": -100.0, "2": 99.77759122848511, "3": 99.50156211853027}