{"0": -100.0, "1": -100.0, "2": 99.71511363983154, "3": 99.960196018219}