{"0": -100.0, "1": -100.0, "2": 98.71314764022827, "3": 99.96621608734131}