{"0": -99.99999999999999, "1": -100.0, "2": -97.39431571215391, "3": 99.96539354324341}