{"0": -100.0, "1": -100.0, "2": 99.57762956619263, "3": -99.99801606372785}