{"0": -100.0, "1": -100.0, "2": 99.10567998886108, "3": 99.94372129440308}