{"0": -100.0, "1": -100.0, "2": 99.80332851409912, "3": 99.88293647766113}