{"0": -99.99999999999999, "1": -100.0, "2": -99.35653344728053, "3": 99.90924596786499}