{"0": -99.99999999999993, "1": -100.0, "2": 99.88274574279785, "3": 99.93658065795898}