{"0": -99.99995790888647, "1": 99.99997615814209, "2": -99.99999771881107, "3": -99.94751862250268}