{"0": -99.99999999999999, "1": -100.0, "2": 99.81813430786133, "3": 99.95542764663696}