{"0": -99.99999999999999, "1": -100.0, "2": -24.078208208084106, "3": 99.9253511428833}