{"0": -98.71715335175395, "1": -99.99999999971678, "2": -99.99999995690823, "3": -0.5719304084777832}