{"0": 100.0, "1": 99.97320175170898, "2": 100.0, "3": 99.99992847442627}