{"0": -100.0, "1": -100.0, "2": 62.400639057159424, "3": 99.93107318878174}