{"0": -99.99999999999997, "1": -100.0, "2": 99.66285228729248, "3": 99.92353916168213}