{"0": -84.93952304124832, "1": -99.99999999998126, "2": 86.93495988845825, "3": -5.216258764266968}