{"0": -99.99999999999999, "1": -100.0, "2": 99.63315725326538, "3": 99.84357357025146}