{"0": -99.99999999999999, "1": -100.0, "2": 99.92766380310059, "3": 99.92375373840332}