{"0": -99.99999999999997, "1": -100.0, "2": 99.36655759811401, "3": 99.9517560005188}