{"0": -99.99999999999993, "1": -100.0, "2": 99.69533681869507, "3": 99.9333143234253}