{"0": 98.796546459198, "1": -99.9931769198156, "2": -99.99999999967643, "3": -99.99251153785735}