{"0": 99.98433589935303, "1": -99.99999999167628, "2": 100.0, "3": 100.0}