{"0": -99.99999999999999, "1": -100.0, "2": -87.23911046981812, "3": 99.89945888519287}