{"0": -99.99999999999997, "1": -100.0, "2": 99.82374906539917, "3": 99.95986223220825}