{"0": -99.99999999999997, "1": -100.0, "2": 99.87317323684692, "3": 99.90675449371338}