{"0": -99.99999999999999, "1": -100.0, "2": 99.60954189300537, "3": 99.91828203201294}