{"0": -99.99999999999999, "1": -100.0, "2": 99.83291625976562, "3": 99.95807409286499}