{"0": -99.99999999999994, "1": -100.0, "2": 99.78444576263428, "3": 99.83105659484863}