{"0": -99.99999999999997, "1": -100.0, "2": 99.6995210647583, "3": 99.80273246765137}