{"0": 1.0, "1": 1.0, "2": 0.99868243932724, "3": 0.0021883586887270212}