{"0": 100.0, "1": 100.0, "2": 99.736487865448, "3": -99.5623282622546}